{"cameraMode":{"drawMode":0,"name":"Shaded","section":"Shading Mode"},"sceneLighting":false,"audioPlay":false,"sceneViewState":{"m_AlwaysRefresh":false,"showFog":true,"showSkybox":false,"showFlares":true,"showImageEffects":true,"showParticleSystems":true,"showVisualEffectGraphs":true,"m_FxEnabled":true},"in2DMode":false,"pivot":{"x":28.889705657958986,"y":100.91670227050781,"z":36.16281509399414},"rotation":{"x":-0.24036167562007905,"y":0.41773322224617007,"z":-0.11569511890411377,"w":-0.8686385154724121},"size":0.9528667330741882,"orthographic":false}