{"cameraMode":{"drawMode":0,"name":"Shaded","section":"Shading Mode"},"sceneLighting":true,"audioPlay":false,"sceneViewState":{"m_AlwaysRefresh":false,"showFog":true,"showSkybox":true,"showFlares":true,"showImageEffects":true,"showParticleSystems":true,"showVisualEffectGraphs":true,"m_FxEnabled":true},"in2DMode":false,"pivot":{"x":28.105117797851564,"y":102.13561248779297,"z":38.92972946166992},"rotation":{"x":0.010827939957380295,"y":0.1842348873615265,"z":0.001951076090335846,"w":-0.9829367995262146},"size":5.980102062225342,"orthographic":false}